--------------------------------------------------------
-- Archivo creado  - miércoles-noviembre-13-2019   
--------------------------------------------------------
--------------------------------------------------------
--  DDL for Table CATEGORIA
--------------------------------------------------------

  CREATE TABLE "PROYECTO_4_ENCUESTAS"."CATEGORIA" 
   (	"IDCATEGORIA" NUMBER(3,0), 
	"NOMBRE" VARCHAR2(30 BYTE)
   ) SEGMENT CREATION IMMEDIATE 
  PCTFREE 10 PCTUSED 40 INITRANS 1 MAXTRANS 255 NOCOMPRESS LOGGING
  STORAGE(INITIAL 65536 NEXT 1048576 MINEXTENTS 1 MAXEXTENTS 2147483645
  PCTINCREASE 0 FREELISTS 1 FREELIST GROUPS 1 BUFFER_POOL DEFAULT FLASH_CACHE DEFAULT CELL_FLASH_CACHE DEFAULT)
  TABLESPACE "SYSTEM" ;
--------------------------------------------------------
--  DDL for Table CIUDADES
--------------------------------------------------------

  CREATE TABLE "PROYECTO_4_ENCUESTAS"."CIUDADES" 
   (	"IDCIUDAD" NUMBER(2,0), 
	"NOMBRE" VARCHAR2(20 BYTE)
   ) SEGMENT CREATION IMMEDIATE 
  PCTFREE 10 PCTUSED 40 INITRANS 1 MAXTRANS 255 NOCOMPRESS LOGGING
  STORAGE(INITIAL 65536 NEXT 1048576 MINEXTENTS 1 MAXEXTENTS 2147483645
  PCTINCREASE 0 FREELISTS 1 FREELIST GROUPS 1 BUFFER_POOL DEFAULT FLASH_CACHE DEFAULT CELL_FLASH_CACHE DEFAULT)
  TABLESPACE "SYSTEM" ;
--------------------------------------------------------
--  DDL for Table DETALLE_TEMAS
--------------------------------------------------------

  CREATE TABLE "PROYECTO_4_ENCUESTAS"."DETALLE_TEMAS" 
   (	"TEMA" NUMBER(3,0), 
	"DNI" NUMBER(12,0)
   ) SEGMENT CREATION IMMEDIATE 
  PCTFREE 10 PCTUSED 40 INITRANS 1 MAXTRANS 255 NOCOMPRESS LOGGING
  STORAGE(INITIAL 65536 NEXT 1048576 MINEXTENTS 1 MAXEXTENTS 2147483645
  PCTINCREASE 0 FREELISTS 1 FREELIST GROUPS 1 BUFFER_POOL DEFAULT FLASH_CACHE DEFAULT CELL_FLASH_CACHE DEFAULT)
  TABLESPACE "SYSTEM" ;
--------------------------------------------------------
--  DDL for Table ENCUESTAS
--------------------------------------------------------

  CREATE TABLE "PROYECTO_4_ENCUESTAS"."ENCUESTAS" 
   (	"IDENCUESTA" NUMBER(6,0), 
	"NOMBRE" VARCHAR2(50 BYTE), 
	"DESCRIPCION" VARCHAR2(100 BYTE), 
	"ISPUBLIC" CHAR(1 BYTE), 
	"FECHAINICIO" DATE, 
	"FECHAFIN" DATE, 
	"MAXIMOENCUESTADOS" NUMBER(4,0), 
	"OBJETIVO" VARCHAR2(100 BYTE), 
	"EDADMINIMA" NUMBER(2,0), 
	"EDADMAXIMA" NUMBER(2,0), 
	"GENEROOBJETIVO" CHAR(1 BYTE), 
	"IDSUBCATEGORIA" NUMBER(4,0)
   ) SEGMENT CREATION IMMEDIATE 
  PCTFREE 10 PCTUSED 40 INITRANS 1 MAXTRANS 255 NOCOMPRESS LOGGING
  STORAGE(INITIAL 65536 NEXT 1048576 MINEXTENTS 1 MAXEXTENTS 2147483645
  PCTINCREASE 0 FREELISTS 1 FREELIST GROUPS 1 BUFFER_POOL DEFAULT FLASH_CACHE DEFAULT CELL_FLASH_CACHE DEFAULT)
  TABLESPACE "SYSTEM" ;
--------------------------------------------------------
--  DDL for Table LOGIN
--------------------------------------------------------

  CREATE TABLE "PROYECTO_4_ENCUESTAS"."LOGIN" 
   (	"USERNAME" VARCHAR2(20 BYTE), 
	"PASSWORD" VARCHAR2(20 BYTE), 
	"ROL" VARCHAR2(12 BYTE), 
	"DNI" NUMBER(12,0)
   ) SEGMENT CREATION IMMEDIATE 
  PCTFREE 10 PCTUSED 40 INITRANS 1 MAXTRANS 255 NOCOMPRESS LOGGING
  STORAGE(INITIAL 65536 NEXT 1048576 MINEXTENTS 1 MAXEXTENTS 2147483645
  PCTINCREASE 0 FREELISTS 1 FREELIST GROUPS 1 BUFFER_POOL DEFAULT FLASH_CACHE DEFAULT CELL_FLASH_CACHE DEFAULT)
  TABLESPACE "SYSTEM" ;
--------------------------------------------------------
--  DDL for Table OPCIONES
--------------------------------------------------------

  CREATE TABLE "PROYECTO_4_ENCUESTAS"."OPCIONES" 
   (	"IDPREGUNTA" NUMBER(12,0), 
	"IDOPCION" NUMBER(2,0), 
	"OPCION" VARCHAR2(200 BYTE), 
	"OPCIONABIERTA" VARCHAR2(20 BYTE)
   ) SEGMENT CREATION IMMEDIATE 
  PCTFREE 10 PCTUSED 40 INITRANS 1 MAXTRANS 255 NOCOMPRESS LOGGING
  STORAGE(INITIAL 65536 NEXT 1048576 MINEXTENTS 1 MAXEXTENTS 2147483645
  PCTINCREASE 0 FREELISTS 1 FREELIST GROUPS 1 BUFFER_POOL DEFAULT FLASH_CACHE DEFAULT CELL_FLASH_CACHE DEFAULT)
  TABLESPACE "SYSTEM" ;
--------------------------------------------------------
--  DDL for Table PARTICIPANTES
--------------------------------------------------------

  CREATE TABLE "PROYECTO_4_ENCUESTAS"."PARTICIPANTES" 
   (	"DNI" NUMBER(12,0), 
	"IDENCUESTA" NUMBER(6,0)
   ) SEGMENT CREATION IMMEDIATE 
  PCTFREE 10 PCTUSED 40 INITRANS 1 MAXTRANS 255 NOCOMPRESS LOGGING
  STORAGE(INITIAL 65536 NEXT 1048576 MINEXTENTS 1 MAXEXTENTS 2147483645
  PCTINCREASE 0 FREELISTS 1 FREELIST GROUPS 1 BUFFER_POOL DEFAULT FLASH_CACHE DEFAULT CELL_FLASH_CACHE DEFAULT)
  TABLESPACE "SYSTEM" ;
--------------------------------------------------------
--  DDL for Table PREGUNTAS
--------------------------------------------------------

  CREATE TABLE "PROYECTO_4_ENCUESTAS"."PREGUNTAS" 
   (	"IDPREGUNTA" NUMBER(12,0), 
	"ENUNCIADO" VARCHAR2(1000 BYTE), 
	"IDSUBCATEGORIA" NUMBER(4,0), 
	"TIPOPREGUNTA" NUMBER(1,0)
   ) SEGMENT CREATION IMMEDIATE 
  PCTFREE 10 PCTUSED 40 INITRANS 1 MAXTRANS 255 NOCOMPRESS LOGGING
  STORAGE(INITIAL 65536 NEXT 1048576 MINEXTENTS 1 MAXEXTENTS 2147483645
  PCTINCREASE 0 FREELISTS 1 FREELIST GROUPS 1 BUFFER_POOL DEFAULT FLASH_CACHE DEFAULT CELL_FLASH_CACHE DEFAULT)
  TABLESPACE "SYSTEM" ;
--------------------------------------------------------
--  DDL for Table PREGUNTAS_ENCUESTA
--------------------------------------------------------

  CREATE TABLE "PROYECTO_4_ENCUESTAS"."PREGUNTAS_ENCUESTA" 
   (	"IDENCUESTA" NUMBER(6,0), 
	"IDPREGUNTA" NUMBER(12,0), 
	"NUMEROPREGUNTA" NUMBER(2,0), 
	"IDPREGUNTAREQUISITO" NUMBER(12,0), 
	"IDOPCIONREQUISITO" NUMBER(2,0)
   ) SEGMENT CREATION IMMEDIATE 
  PCTFREE 10 PCTUSED 40 INITRANS 1 MAXTRANS 255 NOCOMPRESS LOGGING
  STORAGE(INITIAL 65536 NEXT 1048576 MINEXTENTS 1 MAXEXTENTS 2147483645
  PCTINCREASE 0 FREELISTS 1 FREELIST GROUPS 1 BUFFER_POOL DEFAULT FLASH_CACHE DEFAULT CELL_FLASH_CACHE DEFAULT)
  TABLESPACE "SYSTEM" ;
--------------------------------------------------------
--  DDL for Table RESPUESTAS_USUARIOS
--------------------------------------------------------

  CREATE TABLE "PROYECTO_4_ENCUESTAS"."RESPUESTAS_USUARIOS" 
   (	"IDENCUESTA" NUMBER(6,0), 
	"NUMEROPREGUNTA" NUMBER(2,0), 
	"DNI" NUMBER(12,0), 
	"IDPREGUNTA" NUMBER(12,0), 
	"IDOPCION" NUMBER(2,0), 
	"RESPUESTAABIERTA" VARCHAR2(200 BYTE), 
	"ORDENRANKING" NUMBER(1,0)
   ) SEGMENT CREATION IMMEDIATE 
  PCTFREE 10 PCTUSED 40 INITRANS 1 MAXTRANS 255 NOCOMPRESS LOGGING
  STORAGE(INITIAL 65536 NEXT 1048576 MINEXTENTS 1 MAXEXTENTS 2147483645
  PCTINCREASE 0 FREELISTS 1 FREELIST GROUPS 1 BUFFER_POOL DEFAULT FLASH_CACHE DEFAULT CELL_FLASH_CACHE DEFAULT)
  TABLESPACE "SYSTEM" ;
--------------------------------------------------------
--  DDL for Table SUBCATEGORIA
--------------------------------------------------------

  CREATE TABLE "PROYECTO_4_ENCUESTAS"."SUBCATEGORIA" 
   (	"IDSUBCATEGORIA" NUMBER(4,0), 
	"NOMBRE" VARCHAR2(30 BYTE), 
	"IDCATEGORIA" NUMBER(3,0)
   ) SEGMENT CREATION IMMEDIATE 
  PCTFREE 10 PCTUSED 40 INITRANS 1 MAXTRANS 255 NOCOMPRESS LOGGING
  STORAGE(INITIAL 65536 NEXT 1048576 MINEXTENTS 1 MAXEXTENTS 2147483645
  PCTINCREASE 0 FREELISTS 1 FREELIST GROUPS 1 BUFFER_POOL DEFAULT FLASH_CACHE DEFAULT CELL_FLASH_CACHE DEFAULT)
  TABLESPACE "SYSTEM" ;
--------------------------------------------------------
--  DDL for Table TEMAS_DE_INTERES
--------------------------------------------------------

  CREATE TABLE "PROYECTO_4_ENCUESTAS"."TEMAS_DE_INTERES" 
   (	"IDTEMA" NUMBER(3,0), 
	"NOMBRE" VARCHAR2(30 BYTE)
   ) SEGMENT CREATION IMMEDIATE 
  PCTFREE 10 PCTUSED 40 INITRANS 1 MAXTRANS 255 NOCOMPRESS LOGGING
  STORAGE(INITIAL 65536 NEXT 1048576 MINEXTENTS 1 MAXEXTENTS 2147483645
  PCTINCREASE 0 FREELISTS 1 FREELIST GROUPS 1 BUFFER_POOL DEFAULT FLASH_CACHE DEFAULT CELL_FLASH_CACHE DEFAULT)
  TABLESPACE "SYSTEM" ;
--------------------------------------------------------
--  DDL for Table USUARIOS
--------------------------------------------------------

  CREATE TABLE "PROYECTO_4_ENCUESTAS"."USUARIOS" 
   (	"DNI" NUMBER(12,0), 
	"NOMBRE" VARCHAR2(50 BYTE), 
	"APELLIDO" VARCHAR2(50 BYTE), 
	"EDAD" NUMBER(2,0), 
	"GENERO" CHAR(1 BYTE), 
	"OCUPACION" VARCHAR2(50 BYTE), 
	"IDCIUDADRESIDENCIA" NUMBER(2,0), 
	"DIRECCION" VARCHAR2(100 BYTE)
   ) SEGMENT CREATION IMMEDIATE 
  PCTFREE 10 PCTUSED 40 INITRANS 1 MAXTRANS 255 NOCOMPRESS LOGGING
  STORAGE(INITIAL 65536 NEXT 1048576 MINEXTENTS 1 MAXEXTENTS 2147483645
  PCTINCREASE 0 FREELISTS 1 FREELIST GROUPS 1 BUFFER_POOL DEFAULT FLASH_CACHE DEFAULT CELL_FLASH_CACHE DEFAULT)
  TABLESPACE "SYSTEM" ;
REM INSERTING into PROYECTO_4_ENCUESTAS.CATEGORIA
SET DEFINE OFF;
Insert into PROYECTO_4_ENCUESTAS.CATEGORIA (IDCATEGORIA,NOMBRE) values ('1','Economía');
Insert into PROYECTO_4_ENCUESTAS.CATEGORIA (IDCATEGORIA,NOMBRE) values ('2','Deportes');
Insert into PROYECTO_4_ENCUESTAS.CATEGORIA (IDCATEGORIA,NOMBRE) values ('3','Política');
Insert into PROYECTO_4_ENCUESTAS.CATEGORIA (IDCATEGORIA,NOMBRE) values ('10','Sistemas y computación');
REM INSERTING into PROYECTO_4_ENCUESTAS.CIUDADES
SET DEFINE OFF;
Insert into PROYECTO_4_ENCUESTAS.CIUDADES (IDCIUDAD,NOMBRE) values ('1','Armenia');
Insert into PROYECTO_4_ENCUESTAS.CIUDADES (IDCIUDAD,NOMBRE) values ('2','Bogotá');
Insert into PROYECTO_4_ENCUESTAS.CIUDADES (IDCIUDAD,NOMBRE) values ('3','Bucaramanga');
Insert into PROYECTO_4_ENCUESTAS.CIUDADES (IDCIUDAD,NOMBRE) values ('4','Cali');
Insert into PROYECTO_4_ENCUESTAS.CIUDADES (IDCIUDAD,NOMBRE) values ('5','Cúcuta');
Insert into PROYECTO_4_ENCUESTAS.CIUDADES (IDCIUDAD,NOMBRE) values ('6','Ibagué');
Insert into PROYECTO_4_ENCUESTAS.CIUDADES (IDCIUDAD,NOMBRE) values ('7','Manizales');
Insert into PROYECTO_4_ENCUESTAS.CIUDADES (IDCIUDAD,NOMBRE) values ('8','Medellín');
Insert into PROYECTO_4_ENCUESTAS.CIUDADES (IDCIUDAD,NOMBRE) values ('9','Neiva');
Insert into PROYECTO_4_ENCUESTAS.CIUDADES (IDCIUDAD,NOMBRE) values ('10','Pasto');
Insert into PROYECTO_4_ENCUESTAS.CIUDADES (IDCIUDAD,NOMBRE) values ('11','Pereira');
Insert into PROYECTO_4_ENCUESTAS.CIUDADES (IDCIUDAD,NOMBRE) values ('12','Tunja');
Insert into PROYECTO_4_ENCUESTAS.CIUDADES (IDCIUDAD,NOMBRE) values ('13','Villavicencio');
REM INSERTING into PROYECTO_4_ENCUESTAS.DETALLE_TEMAS
SET DEFINE OFF;
REM INSERTING into PROYECTO_4_ENCUESTAS.ENCUESTAS
SET DEFINE OFF;
Insert into PROYECTO_4_ENCUESTAS.ENCUESTAS (IDENCUESTA,NOMBRE,DESCRIPCION,ISPUBLIC,FECHAINICIO,FECHAFIN,MAXIMOENCUESTADOS,OBJETIVO,EDADMINIMA,EDADMAXIMA,GENEROOBJETIVO,IDSUBCATEGORIA) values ('1','encu1','sfsefe','1',to_date('08/10/19','DD/MM/RR'),to_date('18/10/19','DD/MM/RR'),'10','eefsfe','15','40','H','4');
Insert into PROYECTO_4_ENCUESTAS.ENCUESTAS (IDENCUESTA,NOMBRE,DESCRIPCION,ISPUBLIC,FECHAINICIO,FECHAFIN,MAXIMOENCUESTADOS,OBJETIVO,EDADMINIMA,EDADMAXIMA,GENEROOBJETIVO,IDSUBCATEGORIA) values ('2','encu2','wedwe','0',to_date('18/10/19','DD/MM/RR'),to_date('20/10/19','DD/MM/RR'),'10','weewfw','12','12','M','1');
Insert into PROYECTO_4_ENCUESTAS.ENCUESTAS (IDENCUESTA,NOMBRE,DESCRIPCION,ISPUBLIC,FECHAINICIO,FECHAFIN,MAXIMOENCUESTADOS,OBJETIVO,EDADMINIMA,EDADMAXIMA,GENEROOBJETIVO,IDSUBCATEGORIA) values ('3','encu3','tercera encuesta','0',to_date('18/10/19','DD/MM/RR'),to_date('20/10/19','DD/MM/RR'),'10','frffsefe','12','12','T','2');
Insert into PROYECTO_4_ENCUESTAS.ENCUESTAS (IDENCUESTA,NOMBRE,DESCRIPCION,ISPUBLIC,FECHAINICIO,FECHAFIN,MAXIMOENCUESTADOS,OBJETIVO,EDADMINIMA,EDADMAXIMA,GENEROOBJETIVO,IDSUBCATEGORIA) values ('4','Cuánto sabes de Ciclismo','Conocimientos sobre el ciclismo mundial','1',to_date('24/10/19','DD/MM/RR'),to_date('27/10/19','DD/MM/RR'),'10','Medir qué tanto saben los hombres del world tour','12','99','H','3');
Insert into PROYECTO_4_ENCUESTAS.ENCUESTAS (IDENCUESTA,NOMBRE,DESCRIPCION,ISPUBLIC,FECHAINICIO,FECHAFIN,MAXIMOENCUESTADOS,OBJETIVO,EDADMINIMA,EDADMAXIMA,GENEROOBJETIVO,IDSUBCATEGORIA) values ('5','Encu5','eorei','1',to_date('28/10/19','DD/MM/RR'),to_date('02/11/19','DD/MM/RR'),'10','erffef','20','30','F','5');
Insert into PROYECTO_4_ENCUESTAS.ENCUESTAS (IDENCUESTA,NOMBRE,DESCRIPCION,ISPUBLIC,FECHAINICIO,FECHAFIN,MAXIMOENCUESTADOS,OBJETIVO,EDADMINIMA,EDADMAXIMA,GENEROOBJETIVO,IDSUBCATEGORIA) values ('10','Encuesta de Ejemplo','Encuesta de conocimiento de los tipos de base de datos','1',to_date('27/10/19','DD/MM/RR'),to_date('27/11/19','DD/MM/RR'),'10','Comprobar el correcto modelado de la BD','18','60','T','10');
Insert into PROYECTO_4_ENCUESTAS.ENCUESTAS (IDENCUESTA,NOMBRE,DESCRIPCION,ISPUBLIC,FECHAINICIO,FECHAFIN,MAXIMOENCUESTADOS,OBJETIVO,EDADMINIMA,EDADMAXIMA,GENEROOBJETIVO,IDSUBCATEGORIA) values ('11','encu11','Desc','1',to_date('28/10/19','DD/MM/RR'),to_date('30/10/19','DD/MM/RR'),'10','Obj','20','30','M','4');
Insert into PROYECTO_4_ENCUESTAS.ENCUESTAS (IDENCUESTA,NOMBRE,DESCRIPCION,ISPUBLIC,FECHAINICIO,FECHAFIN,MAXIMOENCUESTADOS,OBJETIVO,EDADMINIMA,EDADMAXIMA,GENEROOBJETIVO,IDSUBCATEGORIA) values ('12','Autom','dvsr','1',to_date('28/10/19','DD/MM/RR'),to_date('31/10/19','DD/MM/RR'),'10','sefefes','16','20','T','10');
Insert into PROYECTO_4_ENCUESTAS.ENCUESTAS (IDENCUESTA,NOMBRE,DESCRIPCION,ISPUBLIC,FECHAINICIO,FECHAFIN,MAXIMOENCUESTADOS,OBJETIVO,EDADMINIMA,EDADMAXIMA,GENEROOBJETIVO,IDSUBCATEGORIA) values ('13','Autom','dvsrhk','1',to_date('28/10/19','DD/MM/RR'),to_date('31/10/19','DD/MM/RR'),'10','sefefes','16','20','T','10');
Insert into PROYECTO_4_ENCUESTAS.ENCUESTAS (IDENCUESTA,NOMBRE,DESCRIPCION,ISPUBLIC,FECHAINICIO,FECHAFIN,MAXIMOENCUESTADOS,OBJETIVO,EDADMINIMA,EDADMAXIMA,GENEROOBJETIVO,IDSUBCATEGORIA) values ('14','dgfsefsg','fsfef','1',to_date('29/10/19','DD/MM/RR'),to_date('31/10/19','DD/MM/RR'),'10','drfftrdgr','12','15','T','10');
Insert into PROYECTO_4_ENCUESTAS.ENCUESTAS (IDENCUESTA,NOMBRE,DESCRIPCION,ISPUBLIC,FECHAINICIO,FECHAFIN,MAXIMOENCUESTADOS,OBJETIVO,EDADMINIMA,EDADMAXIMA,GENEROOBJETIVO,IDSUBCATEGORIA) values ('15','Auto15','bdfsfngdg','1',to_date('28/10/19','DD/MM/RR'),to_date('31/10/19','DD/MM/RR'),'10','esfefesfe','14','24','T','10');
Insert into PROYECTO_4_ENCUESTAS.ENCUESTAS (IDENCUESTA,NOMBRE,DESCRIPCION,ISPUBLIC,FECHAINICIO,FECHAFIN,MAXIMOENCUESTADOS,OBJETIVO,EDADMINIMA,EDADMAXIMA,GENEROOBJETIVO,IDSUBCATEGORIA) values ('16','auto16','dffds','1',to_date('28/10/19','DD/MM/RR'),to_date('31/10/19','DD/MM/RR'),'10','sdfsef','20','25','M','10');
Insert into PROYECTO_4_ENCUESTAS.ENCUESTAS (IDENCUESTA,NOMBRE,DESCRIPCION,ISPUBLIC,FECHAINICIO,FECHAFIN,MAXIMOENCUESTADOS,OBJETIVO,EDADMINIMA,EDADMAXIMA,GENEROOBJETIVO,IDSUBCATEGORIA) values ('17','encu17','gfrgdgrgdrgg','1',to_date('28/10/19','DD/MM/RR'),to_date('22/11/19','DD/MM/RR'),'10','fffdf','20','30','T','10');
Insert into PROYECTO_4_ENCUESTAS.ENCUESTAS (IDENCUESTA,NOMBRE,DESCRIPCION,ISPUBLIC,FECHAINICIO,FECHAFIN,MAXIMOENCUESTADOS,OBJETIVO,EDADMINIMA,EDADMAXIMA,GENEROOBJETIVO,IDSUBCATEGORIA) values ('18','Auto18','vfeewqfd','1',to_date('28/10/19','DD/MM/RR'),to_date('16/11/19','DD/MM/RR'),'10','frgttgerg','18','30','T','10');
Insert into PROYECTO_4_ENCUESTAS.ENCUESTAS (IDENCUESTA,NOMBRE,DESCRIPCION,ISPUBLIC,FECHAINICIO,FECHAFIN,MAXIMOENCUESTADOS,OBJETIVO,EDADMINIMA,EDADMAXIMA,GENEROOBJETIVO,IDSUBCATEGORIA) values ('19','auto19','ffrferfrfrf','1',to_date('28/10/19','DD/MM/RR'),to_date('31/10/19','DD/MM/RR'),'10','fdfrgrgrd','12','18','T','10');
Insert into PROYECTO_4_ENCUESTAS.ENCUESTAS (IDENCUESTA,NOMBRE,DESCRIPCION,ISPUBLIC,FECHAINICIO,FECHAFIN,MAXIMOENCUESTADOS,OBJETIVO,EDADMINIMA,EDADMAXIMA,GENEROOBJETIVO,IDSUBCATEGORIA) values ('20','Encuesta Fútbol','¿Qué tanto ves fútbol?','1',to_date('30/10/19','DD/MM/RR'),to_date('07/11/19','DD/MM/RR'),'10','Conocer cuánto fútbol ven las personas','12','12','T','2');
Insert into PROYECTO_4_ENCUESTAS.ENCUESTAS (IDENCUESTA,NOMBRE,DESCRIPCION,ISPUBLIC,FECHAINICIO,FECHAFIN,MAXIMOENCUESTADOS,OBJETIVO,EDADMINIMA,EDADMAXIMA,GENEROOBJETIVO,IDSUBCATEGORIA) values ('21','Fútbol 2','htgrfdfn','1',to_date('30/10/19','DD/MM/RR'),to_date('31/10/19','DD/MM/RR'),'10','erwfghj','12','12','T','2');
Insert into PROYECTO_4_ENCUESTAS.ENCUESTAS (IDENCUESTA,NOMBRE,DESCRIPCION,ISPUBLIC,FECHAINICIO,FECHAFIN,MAXIMOENCUESTADOS,OBJETIVO,EDADMINIMA,EDADMAXIMA,GENEROOBJETIVO,IDSUBCATEGORIA) values ('22','Encuesta22','khjhfghj','1',to_date('03/10/19','DD/MM/RR'),to_date('26/10/19','DD/MM/RR'),'10',',jctykuhk','12','12','M','10');
Insert into PROYECTO_4_ENCUESTAS.ENCUESTAS (IDENCUESTA,NOMBRE,DESCRIPCION,ISPUBLIC,FECHAINICIO,FECHAFIN,MAXIMOENCUESTADOS,OBJETIVO,EDADMINIMA,EDADMAXIMA,GENEROOBJETIVO,IDSUBCATEGORIA) values ('23','encuesta futbol 3','jfgugkgh','1',to_date('31/10/19','DD/MM/RR'),to_date('06/11/19','DD/MM/RR'),'10','fhtdryu','12','12','T','2');
Insert into PROYECTO_4_ENCUESTAS.ENCUESTAS (IDENCUESTA,NOMBRE,DESCRIPCION,ISPUBLIC,FECHAINICIO,FECHAFIN,MAXIMOENCUESTADOS,OBJETIVO,EDADMINIMA,EDADMAXIMA,GENEROOBJETIVO,IDSUBCATEGORIA) values ('24','AAAAAAA','yiiluhujv','1',to_date('05/11/19','DD/MM/RR'),to_date('16/11/19','DD/MM/RR'),'10',',ikghuhiulhjkbj','12','30','T','2');
Insert into PROYECTO_4_ENCUESTAS.ENCUESTAS (IDENCUESTA,NOMBRE,DESCRIPCION,ISPUBLIC,FECHAINICIO,FECHAFIN,MAXIMOENCUESTADOS,OBJETIVO,EDADMINIMA,EDADMAXIMA,GENEROOBJETIVO,IDSUBCATEGORIA) values ('25','Nueva encuesta','fchgjhklñ','1',to_date('07/11/19','DD/MM/RR'),to_date('16/11/19','DD/MM/RR'),'10','hhljñkhvghfcgkhuj','12','40','H','2');
Insert into PROYECTO_4_ENCUESTAS.ENCUESTAS (IDENCUESTA,NOMBRE,DESCRIPCION,ISPUBLIC,FECHAINICIO,FECHAFIN,MAXIMOENCUESTADOS,OBJETIVO,EDADMINIMA,EDADMAXIMA,GENEROOBJETIVO,IDSUBCATEGORIA) values ('26','Nueva encuesta','fchgjhklñ','1',to_date('07/11/19','DD/MM/RR'),to_date('16/11/19','DD/MM/RR'),'10','hhljñkhvghfcgkhuj','12','40','H','2');
Insert into PROYECTO_4_ENCUESTAS.ENCUESTAS (IDENCUESTA,NOMBRE,DESCRIPCION,ISPUBLIC,FECHAINICIO,FECHAFIN,MAXIMOENCUESTADOS,OBJETIVO,EDADMINIMA,EDADMAXIMA,GENEROOBJETIVO,IDSUBCATEGORIA) values ('27','Nueva encuesta','fchgjhklñ','1',to_date('07/11/19','DD/MM/RR'),to_date('16/11/19','DD/MM/RR'),'10','hhljñkhvghfcgkhuj','12','40','H','2');
Insert into PROYECTO_4_ENCUESTAS.ENCUESTAS (IDENCUESTA,NOMBRE,DESCRIPCION,ISPUBLIC,FECHAINICIO,FECHAFIN,MAXIMOENCUESTADOS,OBJETIVO,EDADMINIMA,EDADMAXIMA,GENEROOBJETIVO,IDSUBCATEGORIA) values ('28','Nueva encuesta','fchgjhklñ','1',to_date('07/11/19','DD/MM/RR'),to_date('16/11/19','DD/MM/RR'),'10','hhljñkhvghfcgkhuj','12','40','T','2');
Insert into PROYECTO_4_ENCUESTAS.ENCUESTAS (IDENCUESTA,NOMBRE,DESCRIPCION,ISPUBLIC,FECHAINICIO,FECHAFIN,MAXIMOENCUESTADOS,OBJETIVO,EDADMINIMA,EDADMAXIMA,GENEROOBJETIVO,IDSUBCATEGORIA) values ('29','hola mudno','awad','1',to_date('13/11/19','DD/MM/RR'),to_date('15/11/19','DD/MM/RR'),'10','afesfefef','12','12','T','10');
Insert into PROYECTO_4_ENCUESTAS.ENCUESTAS (IDENCUESTA,NOMBRE,DESCRIPCION,ISPUBLIC,FECHAINICIO,FECHAFIN,MAXIMOENCUESTADOS,OBJETIVO,EDADMINIMA,EDADMAXIMA,GENEROOBJETIVO,IDSUBCATEGORIA) values ('30','hola mundo','awda','1',to_date('13/11/19','DD/MM/RR'),to_date('15/11/19','DD/MM/RR'),'10','aefesf','12','12','T','10');
REM INSERTING into PROYECTO_4_ENCUESTAS.LOGIN
SET DEFINE OFF;
Insert into PROYECTO_4_ENCUESTAS.LOGIN (USERNAME,PASSWORD,ROL,DNI) values ('aarias','123','Usuario','100');
Insert into PROYECTO_4_ENCUESTAS.LOGIN (USERNAME,PASSWORD,ROL,DNI) values ('Jose','lito','Usuario','1094975448');
Insert into PROYECTO_4_ENCUESTAS.LOGIN (USERNAME,PASSWORD,ROL,DNI) values ('anita','123','Usuario','101');
Insert into PROYECTO_4_ENCUESTAS.LOGIN (USERNAME,PASSWORD,ROL,DNI) values ('abc','def','Usuario','1352658');
Insert into PROYECTO_4_ENCUESTAS.LOGIN (USERNAME,PASSWORD,ROL,DNI) values ('qwe','rty','Usuario','23435');
REM INSERTING into PROYECTO_4_ENCUESTAS.OPCIONES
SET DEFINE OFF;
Insert into PROYECTO_4_ENCUESTAS.OPCIONES (IDPREGUNTA,IDOPCION,OPCION,OPCIONABIERTA) values ('1','1','Sí','0');
Insert into PROYECTO_4_ENCUESTAS.OPCIONES (IDPREGUNTA,IDOPCION,OPCION,OPCIONABIERTA) values ('1','2','No','0');
Insert into PROYECTO_4_ENCUESTAS.OPCIONES (IDPREGUNTA,IDOPCION,OPCION,OPCIONABIERTA) values ('2','1','Oracle','0');
Insert into PROYECTO_4_ENCUESTAS.OPCIONES (IDPREGUNTA,IDOPCION,OPCION,OPCIONABIERTA) values ('2','2','MySQL','0');
Insert into PROYECTO_4_ENCUESTAS.OPCIONES (IDPREGUNTA,IDOPCION,OPCION,OPCIONABIERTA) values ('2','3','PostGress','0');
Insert into PROYECTO_4_ENCUESTAS.OPCIONES (IDPREGUNTA,IDOPCION,OPCION,OPCIONABIERTA) values ('2','4','SQL Server','0');
Insert into PROYECTO_4_ENCUESTAS.OPCIONES (IDPREGUNTA,IDOPCION,OPCION,OPCIONABIERTA) values ('9','2','Casi nunca','0');
Insert into PROYECTO_4_ENCUESTAS.OPCIONES (IDPREGUNTA,IDOPCION,OPCION,OPCIONABIERTA) values ('3','1','Relacional','0');
Insert into PROYECTO_4_ENCUESTAS.OPCIONES (IDPREGUNTA,IDOPCION,OPCION,OPCIONABIERTA) values ('3','2','Orientada a objetos','0');
Insert into PROYECTO_4_ENCUESTAS.OPCIONES (IDPREGUNTA,IDOPCION,OPCION,OPCIONABIERTA) values ('3','3','Clave-Valor','0');
Insert into PROYECTO_4_ENCUESTAS.OPCIONES (IDPREGUNTA,IDOPCION,OPCION,OPCIONABIERTA) values ('3','4','Documental','0');
Insert into PROYECTO_4_ENCUESTAS.OPCIONES (IDPREGUNTA,IDOPCION,OPCION,OPCIONABIERTA) values ('3','5','Otra:','1');
Insert into PROYECTO_4_ENCUESTAS.OPCIONES (IDPREGUNTA,IDOPCION,OPCION,OPCIONABIERTA) values ('4','1','Muy importante','0');
Insert into PROYECTO_4_ENCUESTAS.OPCIONES (IDPREGUNTA,IDOPCION,OPCION,OPCIONABIERTA) values ('4','2','Importante','0');
Insert into PROYECTO_4_ENCUESTAS.OPCIONES (IDPREGUNTA,IDOPCION,OPCION,OPCIONABIERTA) values ('4','3','Poco importante','0');
Insert into PROYECTO_4_ENCUESTAS.OPCIONES (IDPREGUNTA,IDOPCION,OPCION,OPCIONABIERTA) values ('4','4','Sin importancia','0');
Insert into PROYECTO_4_ENCUESTAS.OPCIONES (IDPREGUNTA,IDOPCION,OPCION,OPCIONABIERTA) values ('5','1','Me gustaría','0');
Insert into PROYECTO_4_ENCUESTAS.OPCIONES (IDPREGUNTA,IDOPCION,OPCION,OPCIONABIERTA) values ('5','2','Me es indiferente','0');
Insert into PROYECTO_4_ENCUESTAS.OPCIONES (IDPREGUNTA,IDOPCION,OPCION,OPCIONABIERTA) values ('5','3','No me gustaría','0');
Insert into PROYECTO_4_ENCUESTAS.OPCIONES (IDPREGUNTA,IDOPCION,OPCION,OPCIONABIERTA) values ('6','1','Me gustaría','0');
Insert into PROYECTO_4_ENCUESTAS.OPCIONES (IDPREGUNTA,IDOPCION,OPCION,OPCIONABIERTA) values ('6','2','Me es indiferente','0');
Insert into PROYECTO_4_ENCUESTAS.OPCIONES (IDPREGUNTA,IDOPCION,OPCION,OPCIONABIERTA) values ('6','3','No me gustaría','0');
Insert into PROYECTO_4_ENCUESTAS.OPCIONES (IDPREGUNTA,IDOPCION,OPCION,OPCIONABIERTA) values ('7','1','Me gustaría','0');
Insert into PROYECTO_4_ENCUESTAS.OPCIONES (IDPREGUNTA,IDOPCION,OPCION,OPCIONABIERTA) values ('7','2','Me es indiferente','0');
Insert into PROYECTO_4_ENCUESTAS.OPCIONES (IDPREGUNTA,IDOPCION,OPCION,OPCIONABIERTA) values ('7','3','No me gustaría','0');
Insert into PROYECTO_4_ENCUESTAS.OPCIONES (IDPREGUNTA,IDOPCION,OPCION,OPCIONABIERTA) values ('8','1','Me gustaría','0');
Insert into PROYECTO_4_ENCUESTAS.OPCIONES (IDPREGUNTA,IDOPCION,OPCION,OPCIONABIERTA) values ('8','2','Me es indiferente','0');
Insert into PROYECTO_4_ENCUESTAS.OPCIONES (IDPREGUNTA,IDOPCION,OPCION,OPCIONABIERTA) values ('8','3','No me gustaría','0');
Insert into PROYECTO_4_ENCUESTAS.OPCIONES (IDPREGUNTA,IDOPCION,OPCION,OPCIONABIERTA) values ('9','1','Nunca','0');
Insert into PROYECTO_4_ENCUESTAS.OPCIONES (IDPREGUNTA,IDOPCION,OPCION,OPCIONABIERTA) values ('9','3','Algnas veces','0');
Insert into PROYECTO_4_ENCUESTAS.OPCIONES (IDPREGUNTA,IDOPCION,OPCION,OPCIONABIERTA) values ('9','4','A menudo','0');
Insert into PROYECTO_4_ENCUESTAS.OPCIONES (IDPREGUNTA,IDOPCION,OPCION,OPCIONABIERTA) values ('9','5','Frecuentemente','0');
Insert into PROYECTO_4_ENCUESTAS.OPCIONES (IDPREGUNTA,IDOPCION,OPCION,OPCIONABIERTA) values ('10','1','Liga Española','0');
Insert into PROYECTO_4_ENCUESTAS.OPCIONES (IDPREGUNTA,IDOPCION,OPCION,OPCIONABIERTA) values ('10','2','Liga Inglesa','0');
Insert into PROYECTO_4_ENCUESTAS.OPCIONES (IDPREGUNTA,IDOPCION,OPCION,OPCIONABIERTA) values ('10','3','Liga Francesa','0');
Insert into PROYECTO_4_ENCUESTAS.OPCIONES (IDPREGUNTA,IDOPCION,OPCION,OPCIONABIERTA) values ('10','4','Liga Italiana','0');
Insert into PROYECTO_4_ENCUESTAS.OPCIONES (IDPREGUNTA,IDOPCION,OPCION,OPCIONABIERTA) values ('11','1','Si','0');
Insert into PROYECTO_4_ENCUESTAS.OPCIONES (IDPREGUNTA,IDOPCION,OPCION,OPCIONABIERTA) values ('11','2','No','0');
Insert into PROYECTO_4_ENCUESTAS.OPCIONES (IDPREGUNTA,IDOPCION,OPCION,OPCIONABIERTA) values ('11','3','No Sabe','0');
Insert into PROYECTO_4_ENCUESTAS.OPCIONES (IDPREGUNTA,IDOPCION,OPCION,OPCIONABIERTA) values ('11','4','No Contesta','0');
Insert into PROYECTO_4_ENCUESTAS.OPCIONES (IDPREGUNTA,IDOPCION,OPCION,OPCIONABIERTA) values ('11','5','No Responde','0');
Insert into PROYECTO_4_ENCUESTAS.OPCIONES (IDPREGUNTA,IDOPCION,OPCION,OPCIONABIERTA) values ('12','1','Uno o ninguno','0');
Insert into PROYECTO_4_ENCUESTAS.OPCIONES (IDPREGUNTA,IDOPCION,OPCION,OPCIONABIERTA) values ('12','2','Dos o tres','0');
Insert into PROYECTO_4_ENCUESTAS.OPCIONES (IDPREGUNTA,IDOPCION,OPCION,OPCIONABIERTA) values ('12','3','Cuatro o cinco','0');
Insert into PROYECTO_4_ENCUESTAS.OPCIONES (IDPREGUNTA,IDOPCION,OPCION,OPCIONABIERTA) values ('12','4','Seis o siete','0');
Insert into PROYECTO_4_ENCUESTAS.OPCIONES (IDPREGUNTA,IDOPCION,OPCION,OPCIONABIERTA) values ('12','5','Ocho o más','0');
Insert into PROYECTO_4_ENCUESTAS.OPCIONES (IDPREGUNTA,IDOPCION,OPCION,OPCIONABIERTA) values ('13','1','Si','0');
Insert into PROYECTO_4_ENCUESTAS.OPCIONES (IDPREGUNTA,IDOPCION,OPCION,OPCIONABIERTA) values ('13','2','No','0');
Insert into PROYECTO_4_ENCUESTAS.OPCIONES (IDPREGUNTA,IDOPCION,OPCION,OPCIONABIERTA) values ('13','3','No Sabe','0');
Insert into PROYECTO_4_ENCUESTAS.OPCIONES (IDPREGUNTA,IDOPCION,OPCION,OPCIONABIERTA) values ('13','4','No Contesta','0');
Insert into PROYECTO_4_ENCUESTAS.OPCIONES (IDPREGUNTA,IDOPCION,OPCION,OPCIONABIERTA) values ('13','5','No Responde','0');
Insert into PROYECTO_4_ENCUESTAS.OPCIONES (IDPREGUNTA,IDOPCION,OPCION,OPCIONABIERTA) values ('14','1','Liverpool','0');
Insert into PROYECTO_4_ENCUESTAS.OPCIONES (IDPREGUNTA,IDOPCION,OPCION,OPCIONABIERTA) values ('14','2','Barcelona','0');
Insert into PROYECTO_4_ENCUESTAS.OPCIONES (IDPREGUNTA,IDOPCION,OPCION,OPCIONABIERTA) values ('14','3','Juventus','0');
Insert into PROYECTO_4_ENCUESTAS.OPCIONES (IDPREGUNTA,IDOPCION,OPCION,OPCIONABIERTA) values ('14','4','Real Madrid','0');
REM INSERTING into PROYECTO_4_ENCUESTAS.PARTICIPANTES
SET DEFINE OFF;
REM INSERTING into PROYECTO_4_ENCUESTAS.PREGUNTAS
SET DEFINE OFF;
Insert into PROYECTO_4_ENCUESTAS.PREGUNTAS (IDPREGUNTA,ENUNCIADO,IDSUBCATEGORIA,TIPOPREGUNTA) values ('1','¿Usted ha trabajado bases de datos?','10','2');
Insert into PROYECTO_4_ENCUESTAS.PREGUNTAS (IDPREGUNTA,ENUNCIADO,IDSUBCATEGORIA,TIPOPREGUNTA) values ('2','Ordene de mayor a menor la importancia que tienen los siguientes administradores de bases de datos:','10','5');
Insert into PROYECTO_4_ENCUESTAS.PREGUNTAS (IDPREGUNTA,ENUNCIADO,IDSUBCATEGORIA,TIPOPREGUNTA) values ('3','¿Cuáles de los siguientes tipos de bases de datos conoce? (puede seleccionar varios)','10','9');
Insert into PROYECTO_4_ENCUESTAS.PREGUNTAS (IDPREGUNTA,ENUNCIADO,IDSUBCATEGORIA,TIPOPREGUNTA) values ('4','¿Qué tan importante le parece el saber manejar bases de datos?','10','8');
Insert into PROYECTO_4_ENCUESTAS.PREGUNTAS (IDPREGUNTA,ENUNCIADO,IDSUBCATEGORIA,TIPOPREGUNTA) values ('5','¿Qué tan probable sería para usted estudiar Modelado de bases de datos?','10','8');
Insert into PROYECTO_4_ENCUESTAS.PREGUNTAS (IDPREGUNTA,ENUNCIADO,IDSUBCATEGORIA,TIPOPREGUNTA) values ('6','¿Qué tan probable sería para usted estudiar Consultas avanzadas en bases de datos?','10','8');
Insert into PROYECTO_4_ENCUESTAS.PREGUNTAS (IDPREGUNTA,ENUNCIADO,IDSUBCATEGORIA,TIPOPREGUNTA) values ('7','¿Qué tan probable sería para usted estudiar Visualización de datos?','10','8');
Insert into PROYECTO_4_ENCUESTAS.PREGUNTAS (IDPREGUNTA,ENUNCIADO,IDSUBCATEGORIA,TIPOPREGUNTA) values ('8','¿Qué tan probable sería para usted estudiar Bases de datos no relacionales?','10','8');
Insert into PROYECTO_4_ENCUESTAS.PREGUNTAS (IDPREGUNTA,ENUNCIADO,IDSUBCATEGORIA,TIPOPREGUNTA) values ('9','¿Con qué frecuencia mira usted partidos de la UEFA Champions League?','2','8');
Insert into PROYECTO_4_ENCUESTAS.PREGUNTAS (IDPREGUNTA,ENUNCIADO,IDSUBCATEGORIA,TIPOPREGUNTA) values ('10','¿Cuáles de las siguientes ligas de fútbol acostumbra a seguir?','2','4');
Insert into PROYECTO_4_ENCUESTAS.PREGUNTAS (IDPREGUNTA,ENUNCIADO,IDSUBCATEGORIA,TIPOPREGUNTA) values ('11','¿Alguna vez ha visto el Tour de France?','3','2');
Insert into PROYECTO_4_ENCUESTAS.PREGUNTAS (IDPREGUNTA,ENUNCIADO,IDSUBCATEGORIA,TIPOPREGUNTA) values ('12','¿Cuántos partidos de fútbol ve usted a la semana?','2','3');
Insert into PROYECTO_4_ENCUESTAS.PREGUNTAS (IDPREGUNTA,ENUNCIADO,IDSUBCATEGORIA,TIPOPREGUNTA) values ('13','¿Juega usted al fútbol?','2','2');
Insert into PROYECTO_4_ENCUESTAS.PREGUNTAS (IDPREGUNTA,ENUNCIADO,IDSUBCATEGORIA,TIPOPREGUNTA) values ('14','¿Cuál equipo considera usted su favorito para ser el campeón de la UEFA Champions League esta temporada?','2','3');
Insert into PROYECTO_4_ENCUESTAS.PREGUNTAS (IDPREGUNTA,ENUNCIADO,IDSUBCATEGORIA,TIPOPREGUNTA) values ('15','¿futbol?','2','2');
Insert into PROYECTO_4_ENCUESTAS.PREGUNTAS (IDPREGUNTA,ENUNCIADO,IDSUBCATEGORIA,TIPOPREGUNTA) values ('16','¿Por cuáles canales deportivos acostumbras a ver partidos de fútbol?','2','4');
REM INSERTING into PROYECTO_4_ENCUESTAS.PREGUNTAS_ENCUESTA
SET DEFINE OFF;
Insert into PROYECTO_4_ENCUESTAS.PREGUNTAS_ENCUESTA (IDENCUESTA,IDPREGUNTA,NUMEROPREGUNTA,IDPREGUNTAREQUISITO,IDOPCIONREQUISITO) values ('10','1','1',null,null);
Insert into PROYECTO_4_ENCUESTAS.PREGUNTAS_ENCUESTA (IDENCUESTA,IDPREGUNTA,NUMEROPREGUNTA,IDPREGUNTAREQUISITO,IDOPCIONREQUISITO) values ('10','2','2','1','1');
Insert into PROYECTO_4_ENCUESTAS.PREGUNTAS_ENCUESTA (IDENCUESTA,IDPREGUNTA,NUMEROPREGUNTA,IDPREGUNTAREQUISITO,IDOPCIONREQUISITO) values ('10','3','3','1','1');
Insert into PROYECTO_4_ENCUESTAS.PREGUNTAS_ENCUESTA (IDENCUESTA,IDPREGUNTA,NUMEROPREGUNTA,IDPREGUNTAREQUISITO,IDOPCIONREQUISITO) values ('10','4','4',null,null);
Insert into PROYECTO_4_ENCUESTAS.PREGUNTAS_ENCUESTA (IDENCUESTA,IDPREGUNTA,NUMEROPREGUNTA,IDPREGUNTAREQUISITO,IDOPCIONREQUISITO) values ('10','5','5',null,null);
Insert into PROYECTO_4_ENCUESTAS.PREGUNTAS_ENCUESTA (IDENCUESTA,IDPREGUNTA,NUMEROPREGUNTA,IDPREGUNTAREQUISITO,IDOPCIONREQUISITO) values ('10','6','6',null,null);
Insert into PROYECTO_4_ENCUESTAS.PREGUNTAS_ENCUESTA (IDENCUESTA,IDPREGUNTA,NUMEROPREGUNTA,IDPREGUNTAREQUISITO,IDOPCIONREQUISITO) values ('10','7','7',null,null);
Insert into PROYECTO_4_ENCUESTAS.PREGUNTAS_ENCUESTA (IDENCUESTA,IDPREGUNTA,NUMEROPREGUNTA,IDPREGUNTAREQUISITO,IDOPCIONREQUISITO) values ('10','8','8',null,null);
Insert into PROYECTO_4_ENCUESTAS.PREGUNTAS_ENCUESTA (IDENCUESTA,IDPREGUNTA,NUMEROPREGUNTA,IDPREGUNTAREQUISITO,IDOPCIONREQUISITO) values ('11','4','1',null,null);
Insert into PROYECTO_4_ENCUESTAS.PREGUNTAS_ENCUESTA (IDENCUESTA,IDPREGUNTA,NUMEROPREGUNTA,IDPREGUNTAREQUISITO,IDOPCIONREQUISITO) values ('13','12','3',null,null);
Insert into PROYECTO_4_ENCUESTAS.PREGUNTAS_ENCUESTA (IDENCUESTA,IDPREGUNTA,NUMEROPREGUNTA,IDPREGUNTAREQUISITO,IDOPCIONREQUISITO) values ('20','10','1',null,null);
Insert into PROYECTO_4_ENCUESTAS.PREGUNTAS_ENCUESTA (IDENCUESTA,IDPREGUNTA,NUMEROPREGUNTA,IDPREGUNTAREQUISITO,IDOPCIONREQUISITO) values ('14','7','1',null,null);
Insert into PROYECTO_4_ENCUESTAS.PREGUNTAS_ENCUESTA (IDENCUESTA,IDPREGUNTA,NUMEROPREGUNTA,IDPREGUNTAREQUISITO,IDOPCIONREQUISITO) values ('14','5','2',null,null);
Insert into PROYECTO_4_ENCUESTAS.PREGUNTAS_ENCUESTA (IDENCUESTA,IDPREGUNTA,NUMEROPREGUNTA,IDPREGUNTAREQUISITO,IDOPCIONREQUISITO) values ('19','4','1',null,null);
Insert into PROYECTO_4_ENCUESTAS.PREGUNTAS_ENCUESTA (IDENCUESTA,IDPREGUNTA,NUMEROPREGUNTA,IDPREGUNTAREQUISITO,IDOPCIONREQUISITO) values ('19','5','2',null,null);
Insert into PROYECTO_4_ENCUESTAS.PREGUNTAS_ENCUESTA (IDENCUESTA,IDPREGUNTA,NUMEROPREGUNTA,IDPREGUNTAREQUISITO,IDOPCIONREQUISITO) values ('19','8','3',null,null);
Insert into PROYECTO_4_ENCUESTAS.PREGUNTAS_ENCUESTA (IDENCUESTA,IDPREGUNTA,NUMEROPREGUNTA,IDPREGUNTAREQUISITO,IDOPCIONREQUISITO) values ('19','2','4',null,null);
Insert into PROYECTO_4_ENCUESTAS.PREGUNTAS_ENCUESTA (IDENCUESTA,IDPREGUNTA,NUMEROPREGUNTA,IDPREGUNTAREQUISITO,IDOPCIONREQUISITO) values ('19','3','5',null,null);
Insert into PROYECTO_4_ENCUESTAS.PREGUNTAS_ENCUESTA (IDENCUESTA,IDPREGUNTA,NUMEROPREGUNTA,IDPREGUNTAREQUISITO,IDOPCIONREQUISITO) values ('15','9','2',null,null);
Insert into PROYECTO_4_ENCUESTAS.PREGUNTAS_ENCUESTA (IDENCUESTA,IDPREGUNTA,NUMEROPREGUNTA,IDPREGUNTAREQUISITO,IDOPCIONREQUISITO) values ('15','10','1',null,null);
Insert into PROYECTO_4_ENCUESTAS.PREGUNTAS_ENCUESTA (IDENCUESTA,IDPREGUNTA,NUMEROPREGUNTA,IDPREGUNTAREQUISITO,IDOPCIONREQUISITO) values ('12','8','1',null,null);
Insert into PROYECTO_4_ENCUESTAS.PREGUNTAS_ENCUESTA (IDENCUESTA,IDPREGUNTA,NUMEROPREGUNTA,IDPREGUNTAREQUISITO,IDOPCIONREQUISITO) values ('20','14','2',null,null);
Insert into PROYECTO_4_ENCUESTAS.PREGUNTAS_ENCUESTA (IDENCUESTA,IDPREGUNTA,NUMEROPREGUNTA,IDPREGUNTAREQUISITO,IDOPCIONREQUISITO) values ('20','9','3',null,null);
Insert into PROYECTO_4_ENCUESTAS.PREGUNTAS_ENCUESTA (IDENCUESTA,IDPREGUNTA,NUMEROPREGUNTA,IDPREGUNTAREQUISITO,IDOPCIONREQUISITO) values ('13','3','1',null,null);
Insert into PROYECTO_4_ENCUESTAS.PREGUNTAS_ENCUESTA (IDENCUESTA,IDPREGUNTA,NUMEROPREGUNTA,IDPREGUNTAREQUISITO,IDOPCIONREQUISITO) values ('13','14','2',null,null);
Insert into PROYECTO_4_ENCUESTAS.PREGUNTAS_ENCUESTA (IDENCUESTA,IDPREGUNTA,NUMEROPREGUNTA,IDPREGUNTAREQUISITO,IDOPCIONREQUISITO) values ('20','12','4',null,null);
Insert into PROYECTO_4_ENCUESTAS.PREGUNTAS_ENCUESTA (IDENCUESTA,IDPREGUNTA,NUMEROPREGUNTA,IDPREGUNTAREQUISITO,IDOPCIONREQUISITO) values ('20','13','5',null,null);
Insert into PROYECTO_4_ENCUESTAS.PREGUNTAS_ENCUESTA (IDENCUESTA,IDPREGUNTA,NUMEROPREGUNTA,IDPREGUNTAREQUISITO,IDOPCIONREQUISITO) values ('21','12','3',null,null);
Insert into PROYECTO_4_ENCUESTAS.PREGUNTAS_ENCUESTA (IDENCUESTA,IDPREGUNTA,NUMEROPREGUNTA,IDPREGUNTAREQUISITO,IDOPCIONREQUISITO) values ('21','9','1',null,null);
Insert into PROYECTO_4_ENCUESTAS.PREGUNTAS_ENCUESTA (IDENCUESTA,IDPREGUNTA,NUMEROPREGUNTA,IDPREGUNTAREQUISITO,IDOPCIONREQUISITO) values ('21','14','2',null,null);
Insert into PROYECTO_4_ENCUESTAS.PREGUNTAS_ENCUESTA (IDENCUESTA,IDPREGUNTA,NUMEROPREGUNTA,IDPREGUNTAREQUISITO,IDOPCIONREQUISITO) values ('23','15','1',null,null);
Insert into PROYECTO_4_ENCUESTAS.PREGUNTAS_ENCUESTA (IDENCUESTA,IDPREGUNTA,NUMEROPREGUNTA,IDPREGUNTAREQUISITO,IDOPCIONREQUISITO) values ('22','5','1',null,null);
Insert into PROYECTO_4_ENCUESTAS.PREGUNTAS_ENCUESTA (IDENCUESTA,IDPREGUNTA,NUMEROPREGUNTA,IDPREGUNTAREQUISITO,IDOPCIONREQUISITO) values ('22','8','2',null,null);
Insert into PROYECTO_4_ENCUESTAS.PREGUNTAS_ENCUESTA (IDENCUESTA,IDPREGUNTA,NUMEROPREGUNTA,IDPREGUNTAREQUISITO,IDOPCIONREQUISITO) values ('22','7','3',null,null);
Insert into PROYECTO_4_ENCUESTAS.PREGUNTAS_ENCUESTA (IDENCUESTA,IDPREGUNTA,NUMEROPREGUNTA,IDPREGUNTAREQUISITO,IDOPCIONREQUISITO) values ('22','2','4',null,null);
Insert into PROYECTO_4_ENCUESTAS.PREGUNTAS_ENCUESTA (IDENCUESTA,IDPREGUNTA,NUMEROPREGUNTA,IDPREGUNTAREQUISITO,IDOPCIONREQUISITO) values ('23','13','2',null,null);
Insert into PROYECTO_4_ENCUESTAS.PREGUNTAS_ENCUESTA (IDENCUESTA,IDPREGUNTA,NUMEROPREGUNTA,IDPREGUNTAREQUISITO,IDOPCIONREQUISITO) values ('23','14','3',null,null);
Insert into PROYECTO_4_ENCUESTAS.PREGUNTAS_ENCUESTA (IDENCUESTA,IDPREGUNTA,NUMEROPREGUNTA,IDPREGUNTAREQUISITO,IDOPCIONREQUISITO) values ('23','6','4',null,null);
REM INSERTING into PROYECTO_4_ENCUESTAS.RESPUESTAS_USUARIOS
SET DEFINE OFF;
Insert into PROYECTO_4_ENCUESTAS.RESPUESTAS_USUARIOS (IDENCUESTA,NUMEROPREGUNTA,DNI,IDPREGUNTA,IDOPCION,RESPUESTAABIERTA,ORDENRANKING) values ('20','2','1094975448','14','1',null,'0');
Insert into PROYECTO_4_ENCUESTAS.RESPUESTAS_USUARIOS (IDENCUESTA,NUMEROPREGUNTA,DNI,IDPREGUNTA,IDOPCION,RESPUESTAABIERTA,ORDENRANKING) values ('20','3','1094975448','9','1',null,'0');
Insert into PROYECTO_4_ENCUESTAS.RESPUESTAS_USUARIOS (IDENCUESTA,NUMEROPREGUNTA,DNI,IDPREGUNTA,IDOPCION,RESPUESTAABIERTA,ORDENRANKING) values ('20','4','1094975448','12','5',null,'0');
Insert into PROYECTO_4_ENCUESTAS.RESPUESTAS_USUARIOS (IDENCUESTA,NUMEROPREGUNTA,DNI,IDPREGUNTA,IDOPCION,RESPUESTAABIERTA,ORDENRANKING) values ('20','1','23435','10','1',null,'0');
Insert into PROYECTO_4_ENCUESTAS.RESPUESTAS_USUARIOS (IDENCUESTA,NUMEROPREGUNTA,DNI,IDPREGUNTA,IDOPCION,RESPUESTAABIERTA,ORDENRANKING) values ('20','1','23435','10','2',null,'0');
Insert into PROYECTO_4_ENCUESTAS.RESPUESTAS_USUARIOS (IDENCUESTA,NUMEROPREGUNTA,DNI,IDPREGUNTA,IDOPCION,RESPUESTAABIERTA,ORDENRANKING) values ('20','5','1094975448','13','5',null,'0');
Insert into PROYECTO_4_ENCUESTAS.RESPUESTAS_USUARIOS (IDENCUESTA,NUMEROPREGUNTA,DNI,IDPREGUNTA,IDOPCION,RESPUESTAABIERTA,ORDENRANKING) values ('20','1','1094975448','10','4',null,'0');
Insert into PROYECTO_4_ENCUESTAS.RESPUESTAS_USUARIOS (IDENCUESTA,NUMEROPREGUNTA,DNI,IDPREGUNTA,IDOPCION,RESPUESTAABIERTA,ORDENRANKING) values ('20','1','23435','10','3',null,'0');
Insert into PROYECTO_4_ENCUESTAS.RESPUESTAS_USUARIOS (IDENCUESTA,NUMEROPREGUNTA,DNI,IDPREGUNTA,IDOPCION,RESPUESTAABIERTA,ORDENRANKING) values ('20','2','23435','14','2',null,'0');
Insert into PROYECTO_4_ENCUESTAS.RESPUESTAS_USUARIOS (IDENCUESTA,NUMEROPREGUNTA,DNI,IDPREGUNTA,IDOPCION,RESPUESTAABIERTA,ORDENRANKING) values ('20','3','23435','9','4',null,'0');
Insert into PROYECTO_4_ENCUESTAS.RESPUESTAS_USUARIOS (IDENCUESTA,NUMEROPREGUNTA,DNI,IDPREGUNTA,IDOPCION,RESPUESTAABIERTA,ORDENRANKING) values ('20','4','23435','12','1',null,'0');
Insert into PROYECTO_4_ENCUESTAS.RESPUESTAS_USUARIOS (IDENCUESTA,NUMEROPREGUNTA,DNI,IDPREGUNTA,IDOPCION,RESPUESTAABIERTA,ORDENRANKING) values ('20','5','23435','13','2',null,'0');
REM INSERTING into PROYECTO_4_ENCUESTAS.SUBCATEGORIA
SET DEFINE OFF;
Insert into PROYECTO_4_ENCUESTAS.SUBCATEGORIA (IDSUBCATEGORIA,NOMBRE,IDCATEGORIA) values ('1','Salario Mínimo','1');
Insert into PROYECTO_4_ENCUESTAS.SUBCATEGORIA (IDSUBCATEGORIA,NOMBRE,IDCATEGORIA) values ('2','Fútbol','2');
Insert into PROYECTO_4_ENCUESTAS.SUBCATEGORIA (IDSUBCATEGORIA,NOMBRE,IDCATEGORIA) values ('3','Ciclismo','2');
Insert into PROYECTO_4_ENCUESTAS.SUBCATEGORIA (IDSUBCATEGORIA,NOMBRE,IDCATEGORIA) values ('4','Tenis','2');
Insert into PROYECTO_4_ENCUESTAS.SUBCATEGORIA (IDSUBCATEGORIA,NOMBRE,IDCATEGORIA) values ('5','Automovilismo','2');
Insert into PROYECTO_4_ENCUESTAS.SUBCATEGORIA (IDSUBCATEGORIA,NOMBRE,IDCATEGORIA) values ('6','Elecciones','3');
Insert into PROYECTO_4_ENCUESTAS.SUBCATEGORIA (IDSUBCATEGORIA,NOMBRE,IDCATEGORIA) values ('7','Congreso','3');
Insert into PROYECTO_4_ENCUESTAS.SUBCATEGORIA (IDSUBCATEGORIA,NOMBRE,IDCATEGORIA) values ('10','Bases de datos','10');
REM INSERTING into PROYECTO_4_ENCUESTAS.TEMAS_DE_INTERES
SET DEFINE OFF;
Insert into PROYECTO_4_ENCUESTAS.TEMAS_DE_INTERES (IDTEMA,NOMBRE) values ('1','Programación');
Insert into PROYECTO_4_ENCUESTAS.TEMAS_DE_INTERES (IDTEMA,NOMBRE) values ('2','Bases de datos');
Insert into PROYECTO_4_ENCUESTAS.TEMAS_DE_INTERES (IDTEMA,NOMBRE) values ('3','Fútbol');
REM INSERTING into PROYECTO_4_ENCUESTAS.USUARIOS
SET DEFINE OFF;
Insert into PROYECTO_4_ENCUESTAS.USUARIOS (DNI,NOMBRE,APELLIDO,EDAD,GENERO,OCUPACION,IDCIUDADRESIDENCIA,DIRECCION) values ('100','Andrés','Arias','30','M','Ingenero','1','wefewffwfwa');
Insert into PROYECTO_4_ENCUESTAS.USUARIOS (DNI,NOMBRE,APELLIDO,EDAD,GENERO,OCUPACION,IDCIUDADRESIDENCIA,DIRECCION) values ('1094975448','Jose','Cruz','20','M','Estudiante','1','G. de la Villa');
Insert into PROYECTO_4_ENCUESTAS.USUARIOS (DNI,NOMBRE,APELLIDO,EDAD,GENERO,OCUPACION,IDCIUDADRESIDENCIA,DIRECCION) values ('101','Ana','Ramírez','28','F','Enfermera','2','gifgkds');
Insert into PROYECTO_4_ENCUESTAS.USUARIOS (DNI,NOMBRE,APELLIDO,EDAD,GENERO,OCUPACION,IDCIUDADRESIDENCIA,DIRECCION) values ('1352658','Jaime','Toro','42','M','regrr','1','4ggreg');
Insert into PROYECTO_4_ENCUESTAS.USUARIOS (DNI,NOMBRE,APELLIDO,EDAD,GENERO,OCUPACION,IDCIUDADRESIDENCIA,DIRECCION) values ('23435','Sebastián','Hidalgo','23','M','Gei Pasivo','1','ggdgdr');
--------------------------------------------------------
--  DDL for Index CIUDADES_PK
--------------------------------------------------------

  CREATE UNIQUE INDEX "PROYECTO_4_ENCUESTAS"."CIUDADES_PK" ON "PROYECTO_4_ENCUESTAS"."CIUDADES" ("IDCIUDAD") 
  PCTFREE 10 INITRANS 2 MAXTRANS 255 COMPUTE STATISTICS 
  STORAGE(INITIAL 65536 NEXT 1048576 MINEXTENTS 1 MAXEXTENTS 2147483645
  PCTINCREASE 0 FREELISTS 1 FREELIST GROUPS 1 BUFFER_POOL DEFAULT FLASH_CACHE DEFAULT CELL_FLASH_CACHE DEFAULT)
  TABLESPACE "SYSTEM" ;
--------------------------------------------------------
--  DDL for Index SUBCATEGORIA_PK
--------------------------------------------------------

  CREATE UNIQUE INDEX "PROYECTO_4_ENCUESTAS"."SUBCATEGORIA_PK" ON "PROYECTO_4_ENCUESTAS"."SUBCATEGORIA" ("IDSUBCATEGORIA") 
  PCTFREE 10 INITRANS 2 MAXTRANS 255 COMPUTE STATISTICS 
  STORAGE(INITIAL 65536 NEXT 1048576 MINEXTENTS 1 MAXEXTENTS 2147483645
  PCTINCREASE 0 FREELISTS 1 FREELIST GROUPS 1 BUFFER_POOL DEFAULT FLASH_CACHE DEFAULT CELL_FLASH_CACHE DEFAULT)
  TABLESPACE "SYSTEM" ;
--------------------------------------------------------
--  DDL for Index PREGUNTAS_PK
--------------------------------------------------------

  CREATE UNIQUE INDEX "PROYECTO_4_ENCUESTAS"."PREGUNTAS_PK" ON "PROYECTO_4_ENCUESTAS"."PREGUNTAS" ("IDPREGUNTA") 
  PCTFREE 10 INITRANS 2 MAXTRANS 255 COMPUTE STATISTICS 
  STORAGE(INITIAL 65536 NEXT 1048576 MINEXTENTS 1 MAXEXTENTS 2147483645
  PCTINCREASE 0 FREELISTS 1 FREELIST GROUPS 1 BUFFER_POOL DEFAULT FLASH_CACHE DEFAULT CELL_FLASH_CACHE DEFAULT)
  TABLESPACE "SYSTEM" ;
--------------------------------------------------------
--  DDL for Index USUARIO_PK
--------------------------------------------------------

  CREATE UNIQUE INDEX "PROYECTO_4_ENCUESTAS"."USUARIO_PK" ON "PROYECTO_4_ENCUESTAS"."USUARIOS" ("DNI") 
  PCTFREE 10 INITRANS 2 MAXTRANS 255 COMPUTE STATISTICS 
  STORAGE(INITIAL 65536 NEXT 1048576 MINEXTENTS 1 MAXEXTENTS 2147483645
  PCTINCREASE 0 FREELISTS 1 FREELIST GROUPS 1 BUFFER_POOL DEFAULT FLASH_CACHE DEFAULT CELL_FLASH_CACHE DEFAULT)
  TABLESPACE "SYSTEM" ;
--------------------------------------------------------
--  DDL for Index OPCIONES_PK
--------------------------------------------------------

  CREATE UNIQUE INDEX "PROYECTO_4_ENCUESTAS"."OPCIONES_PK" ON "PROYECTO_4_ENCUESTAS"."OPCIONES" ("IDPREGUNTA", "IDOPCION") 
  PCTFREE 10 INITRANS 2 MAXTRANS 255 COMPUTE STATISTICS 
  STORAGE(INITIAL 65536 NEXT 1048576 MINEXTENTS 1 MAXEXTENTS 2147483645
  PCTINCREASE 0 FREELISTS 1 FREELIST GROUPS 1 BUFFER_POOL DEFAULT FLASH_CACHE DEFAULT CELL_FLASH_CACHE DEFAULT)
  TABLESPACE "SYSTEM" ;
--------------------------------------------------------
--  DDL for Index LOGIN_PK
--------------------------------------------------------

  CREATE UNIQUE INDEX "PROYECTO_4_ENCUESTAS"."LOGIN_PK" ON "PROYECTO_4_ENCUESTAS"."LOGIN" ("USERNAME") 
  PCTFREE 10 INITRANS 2 MAXTRANS 255 COMPUTE STATISTICS 
  STORAGE(INITIAL 65536 NEXT 1048576 MINEXTENTS 1 MAXEXTENTS 2147483645
  PCTINCREASE 0 FREELISTS 1 FREELIST GROUPS 1 BUFFER_POOL DEFAULT FLASH_CACHE DEFAULT CELL_FLASH_CACHE DEFAULT)
  TABLESPACE "SYSTEM" ;
--------------------------------------------------------
--  DDL for Index ENCUESTAS_PK
--------------------------------------------------------

  CREATE UNIQUE INDEX "PROYECTO_4_ENCUESTAS"."ENCUESTAS_PK" ON "PROYECTO_4_ENCUESTAS"."ENCUESTAS" ("IDENCUESTA") 
  PCTFREE 10 INITRANS 2 MAXTRANS 255 COMPUTE STATISTICS 
  STORAGE(INITIAL 65536 NEXT 1048576 MINEXTENTS 1 MAXEXTENTS 2147483645
  PCTINCREASE 0 FREELISTS 1 FREELIST GROUPS 1 BUFFER_POOL DEFAULT FLASH_CACHE DEFAULT CELL_FLASH_CACHE DEFAULT)
  TABLESPACE "SYSTEM" ;
--------------------------------------------------------
--  DDL for Index CATEGORIA_PK
--------------------------------------------------------

  CREATE UNIQUE INDEX "PROYECTO_4_ENCUESTAS"."CATEGORIA_PK" ON "PROYECTO_4_ENCUESTAS"."CATEGORIA" ("IDCATEGORIA") 
  PCTFREE 10 INITRANS 2 MAXTRANS 255 COMPUTE STATISTICS 
  STORAGE(INITIAL 65536 NEXT 1048576 MINEXTENTS 1 MAXEXTENTS 2147483645
  PCTINCREASE 0 FREELISTS 1 FREELIST GROUPS 1 BUFFER_POOL DEFAULT FLASH_CACHE DEFAULT CELL_FLASH_CACHE DEFAULT)
  TABLESPACE "SYSTEM" ;
--------------------------------------------------------
--  DDL for Index PREGUNTAS_ENCUESTA_PK
--------------------------------------------------------

  CREATE UNIQUE INDEX "PROYECTO_4_ENCUESTAS"."PREGUNTAS_ENCUESTA_PK" ON "PROYECTO_4_ENCUESTAS"."PREGUNTAS_ENCUESTA" ("IDENCUESTA", "NUMEROPREGUNTA") 
  PCTFREE 10 INITRANS 2 MAXTRANS 255 COMPUTE STATISTICS 
  STORAGE(INITIAL 65536 NEXT 1048576 MINEXTENTS 1 MAXEXTENTS 2147483645
  PCTINCREASE 0 FREELISTS 1 FREELIST GROUPS 1 BUFFER_POOL DEFAULT FLASH_CACHE DEFAULT CELL_FLASH_CACHE DEFAULT)
  TABLESPACE "SYSTEM" ;
--------------------------------------------------------
--  DDL for Index TEMAS_DE_INTERES_PK
--------------------------------------------------------

  CREATE UNIQUE INDEX "PROYECTO_4_ENCUESTAS"."TEMAS_DE_INTERES_PK" ON "PROYECTO_4_ENCUESTAS"."TEMAS_DE_INTERES" ("IDTEMA") 
  PCTFREE 10 INITRANS 2 MAXTRANS 255 COMPUTE STATISTICS 
  STORAGE(INITIAL 65536 NEXT 1048576 MINEXTENTS 1 MAXEXTENTS 2147483645
  PCTINCREASE 0 FREELISTS 1 FREELIST GROUPS 1 BUFFER_POOL DEFAULT FLASH_CACHE DEFAULT CELL_FLASH_CACHE DEFAULT)
  TABLESPACE "SYSTEM" ;
--------------------------------------------------------
--  Constraints for Table SUBCATEGORIA
--------------------------------------------------------

  ALTER TABLE "PROYECTO_4_ENCUESTAS"."SUBCATEGORIA" ADD CONSTRAINT "SUBCATEGORIA_PK" PRIMARY KEY ("IDSUBCATEGORIA")
  USING INDEX PCTFREE 10 INITRANS 2 MAXTRANS 255 COMPUTE STATISTICS 
  STORAGE(INITIAL 65536 NEXT 1048576 MINEXTENTS 1 MAXEXTENTS 2147483645
  PCTINCREASE 0 FREELISTS 1 FREELIST GROUPS 1 BUFFER_POOL DEFAULT FLASH_CACHE DEFAULT CELL_FLASH_CACHE DEFAULT)
  TABLESPACE "SYSTEM"  ENABLE;
  ALTER TABLE "PROYECTO_4_ENCUESTAS"."SUBCATEGORIA" MODIFY ("IDCATEGORIA" NOT NULL ENABLE);
  ALTER TABLE "PROYECTO_4_ENCUESTAS"."SUBCATEGORIA" MODIFY ("NOMBRE" NOT NULL ENABLE);
  ALTER TABLE "PROYECTO_4_ENCUESTAS"."SUBCATEGORIA" MODIFY ("IDSUBCATEGORIA" NOT NULL ENABLE);
--------------------------------------------------------
--  Constraints for Table PARTICIPANTES
--------------------------------------------------------

  ALTER TABLE "PROYECTO_4_ENCUESTAS"."PARTICIPANTES" MODIFY ("IDENCUESTA" NOT NULL ENABLE);
  ALTER TABLE "PROYECTO_4_ENCUESTAS"."PARTICIPANTES" MODIFY ("DNI" NOT NULL ENABLE);
--------------------------------------------------------
--  Constraints for Table PREGUNTAS
--------------------------------------------------------

  ALTER TABLE "PROYECTO_4_ENCUESTAS"."PREGUNTAS" ADD CONSTRAINT "PREGUNTAS_PK" PRIMARY KEY ("IDPREGUNTA")
  USING INDEX PCTFREE 10 INITRANS 2 MAXTRANS 255 COMPUTE STATISTICS 
  STORAGE(INITIAL 65536 NEXT 1048576 MINEXTENTS 1 MAXEXTENTS 2147483645
  PCTINCREASE 0 FREELISTS 1 FREELIST GROUPS 1 BUFFER_POOL DEFAULT FLASH_CACHE DEFAULT CELL_FLASH_CACHE DEFAULT)
  TABLESPACE "SYSTEM"  ENABLE;
  ALTER TABLE "PROYECTO_4_ENCUESTAS"."PREGUNTAS" MODIFY ("TIPOPREGUNTA" NOT NULL ENABLE);
  ALTER TABLE "PROYECTO_4_ENCUESTAS"."PREGUNTAS" MODIFY ("IDSUBCATEGORIA" NOT NULL ENABLE);
  ALTER TABLE "PROYECTO_4_ENCUESTAS"."PREGUNTAS" MODIFY ("ENUNCIADO" NOT NULL ENABLE);
  ALTER TABLE "PROYECTO_4_ENCUESTAS"."PREGUNTAS" MODIFY ("IDPREGUNTA" NOT NULL ENABLE);
--------------------------------------------------------
--  Constraints for Table TEMAS_DE_INTERES
--------------------------------------------------------

  ALTER TABLE "PROYECTO_4_ENCUESTAS"."TEMAS_DE_INTERES" ADD CONSTRAINT "TEMAS_DE_INTERES_PK" PRIMARY KEY ("IDTEMA")
  USING INDEX PCTFREE 10 INITRANS 2 MAXTRANS 255 COMPUTE STATISTICS 
  STORAGE(INITIAL 65536 NEXT 1048576 MINEXTENTS 1 MAXEXTENTS 2147483645
  PCTINCREASE 0 FREELISTS 1 FREELIST GROUPS 1 BUFFER_POOL DEFAULT FLASH_CACHE DEFAULT CELL_FLASH_CACHE DEFAULT)
  TABLESPACE "SYSTEM"  ENABLE;
  ALTER TABLE "PROYECTO_4_ENCUESTAS"."TEMAS_DE_INTERES" MODIFY ("NOMBRE" NOT NULL ENABLE);
  ALTER TABLE "PROYECTO_4_ENCUESTAS"."TEMAS_DE_INTERES" MODIFY ("IDTEMA" NOT NULL ENABLE);
--------------------------------------------------------
--  Constraints for Table CIUDADES
--------------------------------------------------------

  ALTER TABLE "PROYECTO_4_ENCUESTAS"."CIUDADES" ADD CONSTRAINT "CIUDADES_PK" PRIMARY KEY ("IDCIUDAD")
  USING INDEX PCTFREE 10 INITRANS 2 MAXTRANS 255 COMPUTE STATISTICS 
  STORAGE(INITIAL 65536 NEXT 1048576 MINEXTENTS 1 MAXEXTENTS 2147483645
  PCTINCREASE 0 FREELISTS 1 FREELIST GROUPS 1 BUFFER_POOL DEFAULT FLASH_CACHE DEFAULT CELL_FLASH_CACHE DEFAULT)
  TABLESPACE "SYSTEM"  ENABLE;
  ALTER TABLE "PROYECTO_4_ENCUESTAS"."CIUDADES" MODIFY ("NOMBRE" NOT NULL ENABLE);
  ALTER TABLE "PROYECTO_4_ENCUESTAS"."CIUDADES" MODIFY ("IDCIUDAD" NOT NULL ENABLE);
--------------------------------------------------------
--  Constraints for Table USUARIOS
--------------------------------------------------------

  ALTER TABLE "PROYECTO_4_ENCUESTAS"."USUARIOS" ADD CONSTRAINT "USUARIO_PK" PRIMARY KEY ("DNI")
  USING INDEX PCTFREE 10 INITRANS 2 MAXTRANS 255 COMPUTE STATISTICS 
  STORAGE(INITIAL 65536 NEXT 1048576 MINEXTENTS 1 MAXEXTENTS 2147483645
  PCTINCREASE 0 FREELISTS 1 FREELIST GROUPS 1 BUFFER_POOL DEFAULT FLASH_CACHE DEFAULT CELL_FLASH_CACHE DEFAULT)
  TABLESPACE "SYSTEM"  ENABLE;
  ALTER TABLE "PROYECTO_4_ENCUESTAS"."USUARIOS" MODIFY ("IDCIUDADRESIDENCIA" NOT NULL ENABLE);
  ALTER TABLE "PROYECTO_4_ENCUESTAS"."USUARIOS" MODIFY ("OCUPACION" NOT NULL ENABLE);
  ALTER TABLE "PROYECTO_4_ENCUESTAS"."USUARIOS" MODIFY ("GENERO" NOT NULL ENABLE);
  ALTER TABLE "PROYECTO_4_ENCUESTAS"."USUARIOS" MODIFY ("EDAD" NOT NULL ENABLE);
  ALTER TABLE "PROYECTO_4_ENCUESTAS"."USUARIOS" MODIFY ("APELLIDO" NOT NULL ENABLE);
  ALTER TABLE "PROYECTO_4_ENCUESTAS"."USUARIOS" MODIFY ("NOMBRE" NOT NULL ENABLE);
  ALTER TABLE "PROYECTO_4_ENCUESTAS"."USUARIOS" MODIFY ("DNI" NOT NULL ENABLE);
--------------------------------------------------------
--  Constraints for Table OPCIONES
--------------------------------------------------------

  ALTER TABLE "PROYECTO_4_ENCUESTAS"."OPCIONES" ADD CONSTRAINT "OPCIONES_PK" PRIMARY KEY ("IDPREGUNTA", "IDOPCION")
  USING INDEX PCTFREE 10 INITRANS 2 MAXTRANS 255 COMPUTE STATISTICS 
  STORAGE(INITIAL 65536 NEXT 1048576 MINEXTENTS 1 MAXEXTENTS 2147483645
  PCTINCREASE 0 FREELISTS 1 FREELIST GROUPS 1 BUFFER_POOL DEFAULT FLASH_CACHE DEFAULT CELL_FLASH_CACHE DEFAULT)
  TABLESPACE "SYSTEM"  ENABLE;
  ALTER TABLE "PROYECTO_4_ENCUESTAS"."OPCIONES" MODIFY ("OPCIONABIERTA" NOT NULL ENABLE);
  ALTER TABLE "PROYECTO_4_ENCUESTAS"."OPCIONES" MODIFY ("OPCION" NOT NULL ENABLE);
  ALTER TABLE "PROYECTO_4_ENCUESTAS"."OPCIONES" MODIFY ("IDOPCION" NOT NULL ENABLE);
  ALTER TABLE "PROYECTO_4_ENCUESTAS"."OPCIONES" MODIFY ("IDPREGUNTA" NOT NULL ENABLE);
--------------------------------------------------------
--  Constraints for Table CATEGORIA
--------------------------------------------------------

  ALTER TABLE "PROYECTO_4_ENCUESTAS"."CATEGORIA" ADD CONSTRAINT "CATEGORIA_PK" PRIMARY KEY ("IDCATEGORIA")
  USING INDEX PCTFREE 10 INITRANS 2 MAXTRANS 255 COMPUTE STATISTICS 
  STORAGE(INITIAL 65536 NEXT 1048576 MINEXTENTS 1 MAXEXTENTS 2147483645
  PCTINCREASE 0 FREELISTS 1 FREELIST GROUPS 1 BUFFER_POOL DEFAULT FLASH_CACHE DEFAULT CELL_FLASH_CACHE DEFAULT)
  TABLESPACE "SYSTEM"  ENABLE;
  ALTER TABLE "PROYECTO_4_ENCUESTAS"."CATEGORIA" MODIFY ("NOMBRE" NOT NULL ENABLE);
  ALTER TABLE "PROYECTO_4_ENCUESTAS"."CATEGORIA" MODIFY ("IDCATEGORIA" NOT NULL ENABLE);
--------------------------------------------------------
--  Constraints for Table ENCUESTAS
--------------------------------------------------------

  ALTER TABLE "PROYECTO_4_ENCUESTAS"."ENCUESTAS" ADD CONSTRAINT "ENCUESTAS_PK" PRIMARY KEY ("IDENCUESTA")
  USING INDEX PCTFREE 10 INITRANS 2 MAXTRANS 255 COMPUTE STATISTICS 
  STORAGE(INITIAL 65536 NEXT 1048576 MINEXTENTS 1 MAXEXTENTS 2147483645
  PCTINCREASE 0 FREELISTS 1 FREELIST GROUPS 1 BUFFER_POOL DEFAULT FLASH_CACHE DEFAULT CELL_FLASH_CACHE DEFAULT)
  TABLESPACE "SYSTEM"  ENABLE;
  ALTER TABLE "PROYECTO_4_ENCUESTAS"."ENCUESTAS" MODIFY ("IDSUBCATEGORIA" NOT NULL ENABLE);
  ALTER TABLE "PROYECTO_4_ENCUESTAS"."ENCUESTAS" MODIFY ("OBJETIVO" NOT NULL ENABLE);
  ALTER TABLE "PROYECTO_4_ENCUESTAS"."ENCUESTAS" MODIFY ("MAXIMOENCUESTADOS" NOT NULL ENABLE);
  ALTER TABLE "PROYECTO_4_ENCUESTAS"."ENCUESTAS" MODIFY ("FECHAFIN" NOT NULL ENABLE);
  ALTER TABLE "PROYECTO_4_ENCUESTAS"."ENCUESTAS" MODIFY ("FECHAINICIO" NOT NULL ENABLE);
  ALTER TABLE "PROYECTO_4_ENCUESTAS"."ENCUESTAS" MODIFY ("ISPUBLIC" NOT NULL ENABLE);
  ALTER TABLE "PROYECTO_4_ENCUESTAS"."ENCUESTAS" MODIFY ("DESCRIPCION" NOT NULL ENABLE);
  ALTER TABLE "PROYECTO_4_ENCUESTAS"."ENCUESTAS" MODIFY ("NOMBRE" NOT NULL ENABLE);
  ALTER TABLE "PROYECTO_4_ENCUESTAS"."ENCUESTAS" MODIFY ("IDENCUESTA" NOT NULL ENABLE);
--------------------------------------------------------
--  Constraints for Table LOGIN
--------------------------------------------------------

  ALTER TABLE "PROYECTO_4_ENCUESTAS"."LOGIN" ADD CONSTRAINT "LOGIN_PK" PRIMARY KEY ("USERNAME")
  USING INDEX PCTFREE 10 INITRANS 2 MAXTRANS 255 COMPUTE STATISTICS 
  STORAGE(INITIAL 65536 NEXT 1048576 MINEXTENTS 1 MAXEXTENTS 2147483645
  PCTINCREASE 0 FREELISTS 1 FREELIST GROUPS 1 BUFFER_POOL DEFAULT FLASH_CACHE DEFAULT CELL_FLASH_CACHE DEFAULT)
  TABLESPACE "SYSTEM"  ENABLE;
  ALTER TABLE "PROYECTO_4_ENCUESTAS"."LOGIN" MODIFY ("DNI" NOT NULL ENABLE);
  ALTER TABLE "PROYECTO_4_ENCUESTAS"."LOGIN" MODIFY ("ROL" NOT NULL ENABLE);
  ALTER TABLE "PROYECTO_4_ENCUESTAS"."LOGIN" MODIFY ("PASSWORD" NOT NULL ENABLE);
  ALTER TABLE "PROYECTO_4_ENCUESTAS"."LOGIN" MODIFY ("USERNAME" NOT NULL ENABLE);
--------------------------------------------------------
--  Constraints for Table RESPUESTAS_USUARIOS
--------------------------------------------------------

  ALTER TABLE "PROYECTO_4_ENCUESTAS"."RESPUESTAS_USUARIOS" MODIFY ("IDOPCION" NOT NULL ENABLE);
  ALTER TABLE "PROYECTO_4_ENCUESTAS"."RESPUESTAS_USUARIOS" MODIFY ("IDPREGUNTA" NOT NULL ENABLE);
  ALTER TABLE "PROYECTO_4_ENCUESTAS"."RESPUESTAS_USUARIOS" MODIFY ("DNI" NOT NULL ENABLE);
  ALTER TABLE "PROYECTO_4_ENCUESTAS"."RESPUESTAS_USUARIOS" MODIFY ("NUMEROPREGUNTA" NOT NULL ENABLE);
  ALTER TABLE "PROYECTO_4_ENCUESTAS"."RESPUESTAS_USUARIOS" MODIFY ("IDENCUESTA" NOT NULL ENABLE);
--------------------------------------------------------
--  Constraints for Table DETALLE_TEMAS
--------------------------------------------------------

  ALTER TABLE "PROYECTO_4_ENCUESTAS"."DETALLE_TEMAS" MODIFY ("DNI" NOT NULL ENABLE);
  ALTER TABLE "PROYECTO_4_ENCUESTAS"."DETALLE_TEMAS" MODIFY ("TEMA" NOT NULL ENABLE);
--------------------------------------------------------
--  Constraints for Table PREGUNTAS_ENCUESTA
--------------------------------------------------------

  ALTER TABLE "PROYECTO_4_ENCUESTAS"."PREGUNTAS_ENCUESTA" ADD CONSTRAINT "PREGUNTAS_ENCUESTA_PK" PRIMARY KEY ("IDENCUESTA", "NUMEROPREGUNTA")
  USING INDEX PCTFREE 10 INITRANS 2 MAXTRANS 255 COMPUTE STATISTICS 
  STORAGE(INITIAL 65536 NEXT 1048576 MINEXTENTS 1 MAXEXTENTS 2147483645
  PCTINCREASE 0 FREELISTS 1 FREELIST GROUPS 1 BUFFER_POOL DEFAULT FLASH_CACHE DEFAULT CELL_FLASH_CACHE DEFAULT)
  TABLESPACE "SYSTEM"  ENABLE;
  ALTER TABLE "PROYECTO_4_ENCUESTAS"."PREGUNTAS_ENCUESTA" MODIFY ("NUMEROPREGUNTA" NOT NULL ENABLE);
  ALTER TABLE "PROYECTO_4_ENCUESTAS"."PREGUNTAS_ENCUESTA" MODIFY ("IDPREGUNTA" NOT NULL ENABLE);
  ALTER TABLE "PROYECTO_4_ENCUESTAS"."PREGUNTAS_ENCUESTA" MODIFY ("IDENCUESTA" NOT NULL ENABLE);
--------------------------------------------------------
--  Ref Constraints for Table DETALLE_TEMAS
--------------------------------------------------------

  ALTER TABLE "PROYECTO_4_ENCUESTAS"."DETALLE_TEMAS" ADD CONSTRAINT "DETALLE_TEMAS_DE_INTERES_FK" FOREIGN KEY ("TEMA")
	  REFERENCES "PROYECTO_4_ENCUESTAS"."TEMAS_DE_INTERES" ("IDTEMA") ENABLE;
  ALTER TABLE "PROYECTO_4_ENCUESTAS"."DETALLE_TEMAS" ADD CONSTRAINT "DETALLE_TEMAS_USUARIO_FK" FOREIGN KEY ("DNI")
	  REFERENCES "PROYECTO_4_ENCUESTAS"."USUARIOS" ("DNI") ENABLE;
--------------------------------------------------------
--  Ref Constraints for Table ENCUESTAS
--------------------------------------------------------

  ALTER TABLE "PROYECTO_4_ENCUESTAS"."ENCUESTAS" ADD CONSTRAINT "ENCUESTAS_SUBCATEGORIA_FK" FOREIGN KEY ("IDSUBCATEGORIA")
	  REFERENCES "PROYECTO_4_ENCUESTAS"."SUBCATEGORIA" ("IDSUBCATEGORIA") ENABLE;
--------------------------------------------------------
--  Ref Constraints for Table LOGIN
--------------------------------------------------------

  ALTER TABLE "PROYECTO_4_ENCUESTAS"."LOGIN" ADD CONSTRAINT "LOGIN_DNI_FK" FOREIGN KEY ("DNI")
	  REFERENCES "PROYECTO_4_ENCUESTAS"."USUARIOS" ("DNI") ENABLE;
--------------------------------------------------------
--  Ref Constraints for Table OPCIONES
--------------------------------------------------------

  ALTER TABLE "PROYECTO_4_ENCUESTAS"."OPCIONES" ADD CONSTRAINT "OPCIONES_PREGUNTAS_FK" FOREIGN KEY ("IDPREGUNTA")
	  REFERENCES "PROYECTO_4_ENCUESTAS"."PREGUNTAS" ("IDPREGUNTA") ENABLE;
--------------------------------------------------------
--  Ref Constraints for Table PARTICIPANTES
--------------------------------------------------------

  ALTER TABLE "PROYECTO_4_ENCUESTAS"."PARTICIPANTES" ADD CONSTRAINT "PARTICIPANTES_ENCUESTAS_FK" FOREIGN KEY ("IDENCUESTA")
	  REFERENCES "PROYECTO_4_ENCUESTAS"."ENCUESTAS" ("IDENCUESTA") ENABLE;
  ALTER TABLE "PROYECTO_4_ENCUESTAS"."PARTICIPANTES" ADD CONSTRAINT "PARTICIPANTES_USUARIOS_FK" FOREIGN KEY ("DNI")
	  REFERENCES "PROYECTO_4_ENCUESTAS"."USUARIOS" ("DNI") ENABLE;
--------------------------------------------------------
--  Ref Constraints for Table PREGUNTAS
--------------------------------------------------------

  ALTER TABLE "PROYECTO_4_ENCUESTAS"."PREGUNTAS" ADD CONSTRAINT "PREGUNTAS_SUBCATEGORIA_FK" FOREIGN KEY ("IDSUBCATEGORIA")
	  REFERENCES "PROYECTO_4_ENCUESTAS"."SUBCATEGORIA" ("IDSUBCATEGORIA") ENABLE;
--------------------------------------------------------
--  Ref Constraints for Table PREGUNTAS_ENCUESTA
--------------------------------------------------------

  ALTER TABLE "PROYECTO_4_ENCUESTAS"."PREGUNTAS_ENCUESTA" ADD CONSTRAINT "PREGUNTAS_REQUISITO_FK" FOREIGN KEY ("IDPREGUNTAREQUISITO", "IDOPCIONREQUISITO")
	  REFERENCES "PROYECTO_4_ENCUESTAS"."OPCIONES" ("IDPREGUNTA", "IDOPCION") ENABLE;
  ALTER TABLE "PROYECTO_4_ENCUESTAS"."PREGUNTAS_ENCUESTA" ADD CONSTRAINT "TABLE_17_ENCUESTAS_FK" FOREIGN KEY ("IDENCUESTA")
	  REFERENCES "PROYECTO_4_ENCUESTAS"."ENCUESTAS" ("IDENCUESTA") ENABLE;
  ALTER TABLE "PROYECTO_4_ENCUESTAS"."PREGUNTAS_ENCUESTA" ADD CONSTRAINT "TABLE_17_PREGUNTAS_FK" FOREIGN KEY ("IDPREGUNTA")
	  REFERENCES "PROYECTO_4_ENCUESTAS"."PREGUNTAS" ("IDPREGUNTA") ENABLE;
--------------------------------------------------------
--  Ref Constraints for Table RESPUESTAS_USUARIOS
--------------------------------------------------------

  ALTER TABLE "PROYECTO_4_ENCUESTAS"."RESPUESTAS_USUARIOS" ADD CONSTRAINT "RESPUESTAS_USUARIOS_FK" FOREIGN KEY ("IDENCUESTA", "NUMEROPREGUNTA")
	  REFERENCES "PROYECTO_4_ENCUESTAS"."PREGUNTAS_ENCUESTA" ("IDENCUESTA", "NUMEROPREGUNTA") ENABLE;
  ALTER TABLE "PROYECTO_4_ENCUESTAS"."RESPUESTAS_USUARIOS" ADD CONSTRAINT "RESPUESTAS_USUARIO_OPCIONE_FK" FOREIGN KEY ("IDPREGUNTA", "IDOPCION")
	  REFERENCES "PROYECTO_4_ENCUESTAS"."OPCIONES" ("IDPREGUNTA", "IDOPCION") ENABLE;
  ALTER TABLE "PROYECTO_4_ENCUESTAS"."RESPUESTAS_USUARIOS" ADD CONSTRAINT "RESPUESTAS_USUARIO_USUARIO_FK" FOREIGN KEY ("DNI")
	  REFERENCES "PROYECTO_4_ENCUESTAS"."USUARIOS" ("DNI") ENABLE;
--------------------------------------------------------
--  Ref Constraints for Table SUBCATEGORIA
--------------------------------------------------------

  ALTER TABLE "PROYECTO_4_ENCUESTAS"."SUBCATEGORIA" ADD CONSTRAINT "SUBCATEGORIA_CATEGORIA_FK" FOREIGN KEY ("IDCATEGORIA")
	  REFERENCES "PROYECTO_4_ENCUESTAS"."CATEGORIA" ("IDCATEGORIA") ENABLE;
--------------------------------------------------------
--  Ref Constraints for Table USUARIOS
--------------------------------------------------------

  ALTER TABLE "PROYECTO_4_ENCUESTAS"."USUARIOS" ADD CONSTRAINT "USRS_CIUDADES_FK" FOREIGN KEY ("IDCIUDADRESIDENCIA")
	  REFERENCES "PROYECTO_4_ENCUESTAS"."CIUDADES" ("IDCIUDAD") ENABLE;
